p,mean,std
0.3,1.2003431780652185,0.1322871009854513
0.6,6.088802039082412,0.047697441897097625