p,mean,std,oblivious
0.2,1.4785330253681002,0.18852106234949875,1.51184941
0.3,1.2003431780652185,0.1322871009854513,1.167070225
0.4,5.452659841409468,0.545043539705111,1.6434364700000001
0.5,5.88595652876506,0.5084490055685961,1.7369807000000002
0.6,6.088802039082412,0.047697441897097625,1.7389595086002911